/i/117155.html,2025年美国惊悚片《炸裂白宫》HD中英双字,https://www.dytt8899.com/i/117155.html,炸裂白宫,magnet:?xt=urn:btih:9e6cff7bf2df856776692c8bfb6294463ee7fddc&dn=[电影天堂www.dytt8899.com]炸裂白宫-2025_HD中英双字.mp4&tr=http://t.t789.me:2710/announce&tr=http://t.t789.co:2710/announce&tr=http://t.t789.vip:2710/announce
/i/117140.html,2025年国产8.7分动画片《罗小黑战记2》HD国语中字,https://www.dytt8899.com/i/117140.html,罗小黑战记2,magnet:?xt=urn:btih:53839a0288df440e1083dd2e2cea0fb783dc4593&dn=[电影天堂www.dytt8899.com]罗小黑战记2-2025_HD国语中字.mp4&tr=http://t.t789.me:2710/announce&tr=http://t.t789.co:2710/announce&tr=http://t.t789.vip:2710/announce
/i/117132.html,2025年国产战争片《营救飞虎》HD国语中英双字,https://www.dytt8899.com/i/117132.html,营救飞虎,magnet:?xt=urn:btih:23a4040c664647179d149d8967862c1d8e9d0bc5&dn=[电影天堂www.dytt8899.com]营救飞虎-2025_HD国语中英双字.mp4&tr=http://t.t789.me:2710/announce&tr=http://t.t789.co:2710/announce&tr=http://t.t789.vip:2710/announce
/i/117104.html,2023年中国香港剧情片《送院途中》HD国粤双语中字,https://www.dytt8899.com/i/117104.html,送院途中,magnet:?xt=urn:btih:1077391e42e337dc38a312f1004cd5c4b8ba4e64&dn=[电影天堂www.dytt8899.com]送院途中-2023_HD国粤双语中字.mp4&tr=http://t.t789.me:2710/announce&tr=http://t.t789.co:2710/announce&tr=http://t.t789.vip:2710/announce
/i/116111.html,2025年美国7.9分动画片《坏蛋联盟2》BD国粤英三语中英双字,https://www.dytt8899.com/i/116111.html,坏蛋联盟2,magnet:?xt=urn:btih:d5146e56d45461020b005d7dcc95f92a000006b3&dn=[电影天堂www.dytt8899.com]坏蛋联盟2-2025_BD国粤英三语中英双字.mp4&tr=http://t.t789.me:2710/announce&tr=http://t.t789.co:2710/announce&tr=http://t.t789.vip:2710/announce
/i/112475.html,2023年法国7.7分爱情片《法式火锅》BD中英双字,https://www.dytt8899.com/i/112475.html,法式火锅,magnet:?xt=urn:btih:d7b19edf96e393710847507aebc582e7cebb048f&dn=[电影天堂www.dytt8899.com]法式火锅-2023_BD中英双字.mp4&tr=http://t.t789.me:2710/announce&tr=http://t.t789.co:2710/announce&tr=http://t.t789.vip:2710/announce
/i/117071.html,2025年国产犯罪片《毕正明的证明》HD国语中英双字,https://www.dytt8899.com/i/117071.html,毕正明的证明,magnet:?xt=urn:btih:878310ebaae0e6b882bbfbe86aff9b698b8a0dcb&dn=[电影天堂www.dytt8899.com]毕正明的证明-2025_HD国语中英双字.mp4&tr=http://t.t789.me:2710/announce&tr=http://t.t789.co:2710/announce&tr=http://t.t789.vip:2710/announce
/i/117044.html,2025年国产动画片《聊斋：兰若寺》HD国语中字,https://www.dytt8899.com/i/117044.html,聊斋：兰若寺,magnet:?xt=urn:btih:ed83108523e722e3f843bbddf3607cda8c541538&dn=[电影天堂www.dytt8899.com]聊斋：兰若寺-2025_HD国语中字.mp4&tr=http://t.t789.me:2710/announce&tr=http://t.t789.co:2710/announce&tr=http://t.t789.vip:2710/announce
/i/117016.html,2025年国产悬疑剧情片《花漾少女杀人事件》HD国语中英双字,https://www.dytt8899.com/i/117016.html,花漾少女杀人事件,magnet:?xt=urn:btih:0b7792799443113ca43cc1417750ac826aa2ddaa&dn=[电影天堂www.dytt8899.com]花漾少女杀人事件-2025_HD国语中英双字V2.mp4&tr=http://t.t789.me:2710/announce&tr=http://t.t789.co:2710/announce&tr=http://t.t789.vip:2710/announce
/i/116074.html,2025年美国动作片《碟中谍8：最终清算》BD国英双语特效双字,https://www.dytt8899.com/i/116074.html,碟中谍8：最终清算,magnet:?xt=urn:btih:9278b731d8631ced6f2459273fc6efc01374da41&dn=[电影天堂www.dytt8899.com]碟中谍8：最终清算-2025_BD国英双语特效中英双字.mp4&tr=http://t.t789.me:2710/announce&tr=http://t.t789.co:2710/announce&tr=http://t.t789.vip:2710/announce
/i/116985.html,2019年国产爱情片《亲爱的新年好》HD国语中字,https://www.dytt8899.com/i/116985.html,亲爱的新年好,magnet:?xt=urn:btih:c609b2d7cdcbe5babafbddf73ff67f8f64a4ad8e&dn=[电影天堂www.dytt8899.com]亲爱的新年好-2019_HD国语中字.mp4&tr=http://t.t789.me:2710/announce&tr=http://t.t789.co:2710/announce&tr=http://t.t789.vip:2710/announce
/i/103506.html,2021年美国7.9分动作犯罪片《小人物》BD中英双字精校版,https://www.dytt8899.com/i/103506.html,Nobody,magnet:?xt=urn:btih:d84ef75266f67768489504e687ea39dad2398e7a&dn=[电影天堂www.dytt8899.com]小人物-2021_BD中英双字精校版.mp4&tr=http://t.t789.me:2710/announce&tr=http://t.t789.co:2710/announce&tr=http://t.t789.vip:2710/announce
/i/116627.html,2025年美国科幻片《神奇4侠：初露锋芒》BD国英双语特效中英双字,https://www.dytt8899.com/i/116627.html,神奇4侠：初露锋芒,magnet:?xt=urn:btih:352bb4b72a1800290fb7f585ea0e2cfbf00e248a&dn=[电影天堂www.dytt8899.com]神奇4侠：初露锋芒-2025_BD国英双语特效中英双字.mp4&tr=http://t.t789.me:2710/announce&tr=http://t.t789.co:2710/announce&tr=http://t.t789.vip:2710/announce
/i/116628.html,2025年澳大利亚恐怖惊悚片《危险动物》BD中英双字,https://www.dytt8899.com/i/116628.html,危险动物,magnet:?xt=urn:btih:10a20dbfe448826f1f6076e236a6a43664cbb8c7&dn=[电影天堂www.dytt8899.com]危险动物-2025_BD中英双字.mp4&tr=http://t.t789.me:2710/announce&tr=http://t.t789.co:2710/announce&tr=http://t.t789.vip:2710/announce
/i/116324.html,2025年美国犯罪动作片《小人物2》BD中英双字,https://www.dytt8899.com/i/116324.html,小人物2,magnet:?xt=urn:btih:4fdd1afacac405d8a5ad720344dc9b7d2b9fe420&dn=[电影天堂www.dytt8899.com]小人物2-2025_BD中英双字.mp4&tr=http://t.t789.me:2710/announce&tr=http://t.t789.co:2710/announce&tr=http://t.t789.vip:2710/announce
